1, 0
2, 0
3, 0
4, 0
5, 0
6, 0
7, 0
8, 0
9, 0
10, 0
11, 0
12, 0
13, 0
14, 0
15, 0
16, 0
17, 0
18, 0
19, 2
20, 4
21, 13
22, 25
23, 61
24, 86
25, 111
26, 169
27, 203
28, 239
29, 302
30, 347
31, 375
32, 355
33, 317
34, 315
35, 294
36, 299
37, 290
38, 353
39, 422
40, 533
41, 712
42, 893
43, 1173
44, 1489
45, 1865
46, 2295
47, 2793
48, 3130
49, 3589
50, 3897
51, 4245
52, 4406
53, 4289
54, 4166
55, 4017
56, 3646
57, 3282
58, 2757
59, 2298
60, 1862
61, 1411
62, 1089
63, 824
64, 619
65, 472
66, 351
67, 268
68, 197
69, 189
70, 151
71, 141
72, 140
73, 129
74, 140
75, 135
76, 129
77, 140
78, 124
79, 144
80, 127
81, 129
82, 124
83, 125
84, 135
85, 140
86, 127
87, 146
88, 142
89, 126
90, 163
91, 160
92, 161
93, 140
94, 139
95, 158
96, 173
97, 180
98, 165
99, 175
100, 179
101, 189
102, 191
103, 203
104, 180
105, 182
106, 160
107, 168
108, 199
109, 208
110, 220
111, 215
112, 227
113, 212
114, 234
115, 283
116, 295
117, 328
118, 364
119, 372
120, 432
121, 416
122, 492
123, 528
124, 582
125, 557
126, 553
127, 602
128, 590
129, 513
130, 561
131, 483
132, 492
133, 390
134, 367
135, 398
136, 369
137, 349
138, 334
139, 310
140, 319
141, 296
142, 311
143, 328
144, 334
145, 350
146, 368
147, 378
148, 399
149, 377
150, 427
151, 374
152, 398
153, 442
154, 427
155, 466
156, 527
157, 538
158, 697
159, 766
160, 994
161, 1338
162, 1717
163, 2310
164, 3024
165, 3860
166, 4972
167, 6235
168, 7777
169, 9155
170, 10739
171, 12055
172, 13223
173, 14182
174, 14743
175, 15317
176, 14839
177, 14094
178, 13534
179, 12174
180, 10859
181, 9595
182, 7956
183, 6655
184, 5320
185, 4340
186, 3375
187, 2608
188, 1947
189, 1546
190, 1102
191, 817
192, 675
193, 574
194, 362
195, 320
196, 290
197, 234
198, 223
199, 248
200, 242
201, 236
202, 245
203, 245
204, 272
205, 226
206, 249
207, 267
208, 266
209, 217
210, 226
211, 240
212, 212
213, 250
214, 203
215, 242
216, 244
217, 227
218, 221
219, 212
220, 239
221, 194
222, 187
223, 208
224, 188
225, 172
226, 173
227, 228
228, 211
229, 198
230, 180
231, 180
232, 180
233, 184
234, 194
235, 191
236, 173
237, 174
238, 175
239, 177
240, 165
241, 172
242, 179
243, 171
244, 171
245, 168
246, 151
247, 139
248, 154
249, 161
250, 173
251, 165
252, 144
253, 181
254, 135
255, 151
256, 169
257, 156
258, 162
259, 155
260, 151
261, 157
262, 153
263, 182
264, 174
265, 179
266, 172
267, 162
268, 164
269, 153
270, 168
271, 174
272, 156
273, 161
274, 159
275, 159
276, 152
277, 168
278, 164
279, 169
280, 166
281, 157
282, 141
283, 154
284, 163
285, 156
286, 172
287, 153
288, 158
289, 157
290, 199
291, 185
292, 165
293, 149
294, 153
295, 155
296, 154
297, 175
298, 167
299, 162
300, 164
301, 182
302, 160
303, 159
304, 163
305, 145
306, 161
307, 136
308, 172
309, 160
310, 154
311, 183
312, 155
313, 159
314, 164
315, 153
316, 171
317, 148
318, 151
319, 173
320, 179
321, 175
322, 138
323, 185
324, 164
325, 168
326, 176
327, 183
328, 186
329, 182
330, 191
331, 205
332, 190
333, 222
334, 194
335, 190
336, 196
337, 199
338, 212
339, 197
340, 199
341, 198
342, 185
343, 207
344, 191
345, 189
346, 197
347, 183
348, 166
349, 178
350, 180
351, 206
352, 187
353, 194
354, 175
355, 198
356, 262
357, 274
358, 279
359, 339
360, 341
361, 389
362, 488
363, 494
364, 574
365, 650
366, 752
367, 790
368, 865
369, 867
370, 864
371, 868
372, 826
373, 831
374, 737
375, 670
376, 628
377, 550
378, 493
379, 423
380, 397
381, 342
382, 281
383, 244
384, 215
385, 191
386, 182
387, 157
388, 165
389, 156
390, 140
391, 151
392, 138
393, 165
394, 162
395, 184
396, 185
397, 193
398, 196
399, 212
400, 184
401, 185
402, 217
403, 204
404, 205
405, 170
406, 178
407, 182
408, 171
409, 159
410, 151
411, 181
412, 144
413, 141
414, 159
415, 128
416, 127
417, 138
418, 126
419, 117
420, 119
421, 119
422, 86
423, 130
424, 128
425, 115
426, 101
427, 104
428, 108
429, 101
430, 108
431, 94
432, 97
433, 124
434, 100
435, 107
436, 110
437, 106
438, 107
439, 78
440, 108
441, 121
442, 109
443, 103
444, 92
445, 113
446, 120
447, 85
448, 97
449, 90
450, 88
451, 91
452, 90
453, 102
454, 111
455, 106
456, 106
457, 120
458, 107
459, 85
460, 107
461, 107
462, 107
463, 107
464, 106
465, 110
466, 84
467, 110
468, 90
469, 84
470, 98
471, 91
472, 95
473, 93
474, 80
475, 101
476, 92
477, 90
478, 106
479, 88
480, 106
481, 87
482, 84
483, 91
484, 96
485, 86
486, 98
487, 91
488, 92
489, 81
490, 83
491, 86
492, 91
493, 92
494, 90
495, 101
496, 80
497, 98
498, 105
499, 96
500, 94
501, 77
502, 92
503, 80
504, 90
505, 94
506, 80
507, 87
508, 85
509, 82
510, 86
511, 77
512, 88
513, 68
514, 82
515, 63
516, 69
517, 89
518, 77
519, 90
520, 68
521, 81
522, 104
523, 92
524, 76
525, 67
526, 86
527, 76
528, 64
529, 86
530, 72
531, 72
532, 106
533, 78
534, 93
535, 85
536, 67
537, 89
538, 73
539, 80
540, 76
541, 95
542, 86
543, 73
544, 74
545, 87
546, 92
547, 79
548, 72
549, 87
550, 86
551, 87
552, 67
553, 76
554, 78
555, 76
556, 73
557, 77
558, 64
559, 67
560, 69
561, 84
562, 81
563, 73
564, 75
565, 66
566, 63
567, 71
568, 78
569, 70
570, 64
571, 79
572, 68
573, 66
574, 68
575, 63
576, 67
577, 70
578, 68
579, 77
580, 89
581, 81
582, 74
583, 57
584, 74
585, 79
586, 80
587, 64
588, 68
589, 62
590, 77
591, 62
592, 86
593, 68
594, 48
595, 77
596, 75
597, 64
598, 57
599, 58
600, 77
601, 71
602, 61
603, 64
604, 82
605, 57
606, 66
607, 71
608, 67
609, 73
610, 74
611, 74
612, 77
613, 67
614, 58
615, 68
616, 65
617, 87
618, 59
619, 69
620, 69
621, 70
622, 71
623, 92
624, 66
625, 71
626, 79
627, 84
628, 67
629, 59
630, 79
631, 87
632, 79
633, 113
634, 100
635, 102
636, 120
637, 131
638, 122
639, 104
640, 112
641, 130
642, 128
643, 125
644, 133
645, 120
646, 114
647, 94
648, 90
649, 99
650, 86
651, 99
652, 73
653, 82
654, 79
655, 68
656, 48
657, 58
658, 62
659, 79
660, 73
661, 50
662, 61
663, 62
664, 54
665, 46
666, 57
667, 48
668, 47
669, 66
670, 61
671, 53
672, 53
673, 65
674, 56
675, 77
676, 54
677, 51
678, 61
679, 61
680, 55
681, 63
682, 59
683, 63
684, 48
685, 55
686, 59
687, 62
688, 50
689, 71
690, 48
691, 58
692, 60
693, 53
694, 64
695, 51
696, 51
697, 57
698, 56
699, 58
700, 61
701, 63
702, 65
703, 60
704, 59
705, 59
706, 63
707, 47
708, 61
709, 78
710, 63
711, 84
712, 45
713, 62
714, 59
715, 50
716, 65
717, 45
718, 61
719, 54
720, 59
721, 43
722, 63
723, 63
724, 49
725, 51
726, 52
727, 46
728, 50
729, 50
730, 47
731, 37
732, 58
733, 54
734, 68
735, 45
736, 46
737, 48
738, 45
739, 47
740, 59
741, 42
742, 42
743, 51
744, 55
745, 57
746, 43
747, 59
748, 56
749, 50
750, 61
751, 40
752, 48
753, 60
754, 43
755, 42
756, 49
757, 44
758, 44
759, 51
760, 49
761, 46
762, 44
763, 45
764, 49
765, 49
766, 62
767, 50
768, 56
769, 45
770, 46
771, 51
772, 43
773, 48
774, 46
775, 41
776, 48
777, 40
778, 43
779, 52
780, 34
781, 47
782, 46
783, 40
784, 31
785, 31
786, 29
787, 39
788, 50
789, 35
790, 54
791, 38
792, 42
793, 40
794, 36
795, 37
796, 50
797, 31
798, 33
799, 43
800, 46
801, 35
802, 41
803, 46
804, 39
805, 36
806, 38
807, 43
808, 41
809, 43
810, 45
811, 46
812, 41
813, 43
814, 58
815, 32
816, 51
817, 39
818, 37
819, 39
820, 37
821, 50
822, 48
823, 35
824, 36
825, 53
826, 49
827, 36
828, 49
829, 42
830, 36
831, 36
832, 32
833, 34
834, 30
835, 36
836, 32
837, 30
838, 34
839, 40
840, 31
841, 35
842, 39
843, 32
844, 38
845, 30
846, 38
847, 41
848, 36
849, 35
850, 30
851, 32
852, 33
853, 30
854, 36
855, 26
856, 33
857, 36
858, 37
859, 41
860, 48
861, 35
862, 27
863, 38
864, 51
865, 39
866, 37
867, 35
868, 44
869, 34
870, 35
871, 38
872, 41
873, 41
874, 28
875, 24
876, 38
877, 37
878, 48
879, 30
880, 34
881, 45
882, 31
883, 40
884, 44
885, 39
886, 29
887, 34
888, 33
889, 36
890, 31
891, 36
892, 29
893, 34
894, 36
895, 41
896, 39
897, 27
898, 33
899, 35
900, 38
901, 45
902, 27
903, 24
904, 34
905, 22
906, 24
907, 38
908, 41
909, 41
910, 26
911, 35
912, 39
913, 33
914, 43
915, 38
916, 44
917, 35
918, 27
919, 41
920, 37
921, 29
922, 31
923, 46
924, 34
925, 32
926, 30
927, 44
928, 28
929, 20
930, 32
931, 31
932, 34
933, 45
934, 43
935, 36
936, 40
937, 33
938, 34
939, 40
940, 41
941, 42
942, 36
943, 45
944, 45
945, 45
946, 37
947, 48
948, 27
949, 36
950, 45
951, 38
952, 39
953, 41
954, 31
955, 40
956, 34
957, 39
958, 44
959, 28
960, 32
961, 25
962, 27
963, 20
964, 38
965, 39
966, 18
967, 28
968, 37
969, 26
970, 30
971, 31
972, 28
973, 24
974, 34
975, 34
976, 30
977, 23
978, 31
979, 27
980, 21
981, 26
982, 27
983, 28
984, 39
985, 20
986, 31
987, 25
988, 29
989, 31
990, 33
991, 30
992, 37
993, 21
994, 13
995, 24
996, 24
997, 27
998, 31
999, 20
1000, 37
1001, 25
1002, 37
1003, 32
1004, 22
1005, 32
1006, 17
1007, 30
1008, 28
1009, 35
1010, 24
1011, 32
1012, 40
1013, 33
1014, 21
1015, 21
1016, 27
1017, 30
1018, 31
1019, 18
1020, 21
1021, 26
1022, 29
1023, 28
1024, 21
1025, 21
1026, 35
1027, 22
1028, 27
1029, 28
1030, 33
1031, 26
1032, 23
1033, 30
1034, 29
1035, 28
1036, 17
1037, 23
1038, 28
1039, 29
1040, 31
1041, 27
1042, 27
1043, 24
1044, 32
1045, 31
1046, 41
1047, 19
1048, 26
1049, 34
1050, 21
1051, 29
1052, 26
1053, 31
1054, 29
1055, 18
1056, 24
1057, 34
1058, 26
1059, 18
1060, 29
1061, 20
1062, 21
1063, 23
1064, 21
1065, 18
1066, 26
1067, 20
1068, 25
1069, 25
1070, 24
1071, 31
1072, 22
1073, 25
1074, 25
1075, 24
1076, 21
1077, 15
1078, 21
1079, 15
1080, 26
1081, 37
1082, 29
1083, 22
1084, 27
1085, 21
1086, 26
1087, 27
1088, 32
1089, 19
1090, 30
1091, 24
1092, 28
1093, 18
1094, 29
1095, 30
1096, 24
1097, 27
1098, 27
1099, 32
1100, 30
1101, 24
1102, 21
1103, 30
1104, 22
1105, 20
1106, 18
1107, 26
1108, 26
1109, 34
1110, 27
1111, 26
1112, 25
1113, 22
1114, 23
1115, 16
1116, 28
1117, 17
1118, 29
1119, 30
1120, 26
1121, 31
1122, 26
1123, 21
1124, 27
1125, 26
1126, 30
1127, 28
1128, 21
1129, 19
1130, 22
1131, 22
1132, 32
1133, 25
1134, 20
1135, 20
1136, 20
1137, 17
1138, 25
1139, 24
1140, 26
1141, 21
1142, 20
1143, 20
1144, 23
1145, 19
1146, 20
1147, 20
1148, 17
1149, 13
1150, 20
1151, 25
1152, 17
1153, 16
1154, 27
1155, 22
1156, 28
1157, 19
1158, 21
1159, 15
1160, 17
1161, 27
1162, 21
1163, 22
1164, 20
1165, 23
1166, 26
1167, 27
1168, 26
1169, 27
1170, 11
1171, 25
1172, 13
1173, 21
1174, 23
1175, 22
1176, 21
1177, 21
1178, 15
1179, 23
1180, 24
1181, 33
1182, 20
1183, 23
1184, 21
1185, 22
1186, 14
1187, 24
1188, 18
1189, 26
1190, 16
1191, 21
1192, 22
1193, 26
1194, 16
1195, 22
1196, 20
1197, 14
1198, 19
1199, 26
1200, 23
1201, 18
1202, 20
1203, 30
1204, 19
1205, 17
1206, 22
1207, 21
1208, 18
1209, 19
1210, 22
1211, 23
1212, 14
1213, 13
1214, 20
1215, 17
1216, 16
1217, 20
1218, 19
1219, 10
1220, 21
1221, 15
1222, 15
1223, 23
1224, 19
1225, 21
1226, 19
1227, 17
1228, 23
1229, 17
1230, 17
1231, 19
1232, 16
1233, 11
1234, 25
1235, 17
1236, 18
1237, 24
1238, 17
1239, 11
1240, 13
1241, 14
1242, 28
1243, 24
1244, 34
1245, 25
1246, 12
1247, 22
1248, 24
1249, 17
1250, 20
1251, 21
1252, 19
1253, 16
1254, 11
1255, 13
1256, 9
1257, 11
1258, 20
1259, 12
1260, 18
1261, 23
1262, 21
1263, 18
1264, 10
1265, 22
1266, 20
1267, 17
1268, 15
1269, 18
1270, 18
1271, 16
1272, 21
1273, 23
1274, 17
1275, 16
1276, 23
1277, 9
1278, 12
1279, 10
1280, 12
1281, 14
1282, 20
1283, 11
1284, 20
1285, 16
1286, 17
1287, 14
1288, 16
1289, 12
1290, 16
1291, 21
1292, 13
1293, 16
1294, 19
1295, 19
1296, 16
1297, 24
1298, 10
1299, 29
1300, 11
1301, 17
1302, 16
1303, 20
1304, 18
1305, 23
1306, 12
1307, 15
1308, 18
1309, 13
1310, 19
1311, 20
1312, 11
1313, 13
1314, 12
1315, 13
1316, 15
1317, 10
1318, 11
1319, 18
1320, 18
1321, 10
1322, 12
1323, 14
1324, 17
1325, 19
1326, 14
1327, 13
1328, 11
1329, 18
1330, 12
1331, 12
1332, 15
1333, 11
1334, 12
1335, 17
1336, 16
1337, 20
1338, 13
1339, 17
1340, 17
1341, 12
1342, 9
1343, 17
1344, 14
1345, 17
1346, 17
1347, 6
1348, 6
1349, 17
1350, 11
1351, 13
1352, 19
1353, 15
1354, 13
1355, 6
1356, 15
1357, 11
1358, 18
1359, 23
1360, 14
1361, 16
1362, 9
1363, 6
1364, 12
1365, 13
1366, 10
1367, 13
1368, 13
1369, 13
1370, 13
1371, 16
1372, 13
1373, 16
1374, 11
1375, 18
1376, 15
1377, 10
1378, 14
1379, 10
1380, 11
1381, 18
1382, 11
1383, 17
1384, 10
1385, 17
1386, 10
1387, 15
1388, 11
1389, 10
1390, 15
1391, 13
1392, 13
1393, 13
1394, 9
1395, 18
1396, 9
1397, 20
1398, 12
1399, 17
1400, 17
1401, 14
1402, 10
1403, 9
1404, 16
1405, 8
1406, 17
1407, 13
1408, 19
1409, 12
1410, 13
1411, 12
1412, 14
1413, 7
1414, 15
1415, 10
1416, 13
1417, 6
1418, 13
1419, 11
1420, 8
1421, 12
1422, 7
1423, 16
1424, 8
1425, 10
1426, 13
1427, 8
1428, 19
1429, 12
1430, 7
1431, 10
1432, 11
1433, 22
1434, 8
1435, 15
1436, 18
1437, 17
1438, 15
1439, 10
1440, 12
1441, 10
1442, 10
1443, 10
1444, 11
1445, 3
1446, 10
1447, 9
1448, 18
1449, 12
1450, 16
1451, 14
1452, 13
1453, 13
1454, 11
1455, 14
1456, 14
1457, 18
1458, 11
1459, 14
1460, 11
1461, 8
1462, 13
1463, 14
1464, 12
1465, 10
1466, 11
1467, 9
1468, 11
1469, 14
1470, 15
1471, 5
1472, 9
1473, 11
1474, 12
1475, 11
1476, 12
1477, 13
1478, 18
1479, 10
1480, 15
1481, 9
1482, 9
1483, 9
1484, 12
1485, 13
1486, 18
1487, 10
1488, 9
1489, 10
1490, 14
1491, 10
1492, 12
1493, 12
1494, 12
1495, 10
1496, 9
1497, 12
1498, 14
1499, 5
1500, 5
1501, 10
1502, 9
1503, 11
1504, 13
1505, 4
1506, 15
1507, 5
1508, 9
1509, 14
1510, 10
1511, 16
1512, 10
1513, 14
1514, 7
1515, 10
1516, 14
1517, 4
1518, 10
1519, 8
1520, 14
1521, 10
1522, 11
1523, 12
1524, 10
1525, 12
1526, 6
1527, 13
1528, 10
1529, 10
1530, 12
1531, 9
1532, 10
1533, 12
1534, 5
1535, 12
1536, 10
1537, 10
1538, 10
1539, 13
1540, 11
1541, 8
1542, 9
1543, 8
1544, 8
1545, 7
1546, 9
1547, 8
1548, 7
1549, 13
1550, 6
1551, 8
1552, 7
1553, 9
1554, 12
1555, 11
1556, 13
1557, 7
1558, 11
1559, 10
1560, 8
1561, 5
1562, 9
1563, 10
1564, 6
1565, 6
1566, 14
1567, 9
1568, 9
1569, 8
1570, 9
1571, 3
1572, 6
1573, 6
1574, 4
1575, 13
1576, 14
1577, 9
1578, 10
1579, 8
1580, 15
1581, 8
1582, 6
1583, 7
1584, 6
1585, 8
1586, 9
1587, 5
1588, 10
1589, 7
1590, 13
1591, 5
1592, 10
1593, 5
1594, 5
1595, 14
1596, 9
1597, 10
1598, 4
1599, 10
1600, 7
1601, 5
1602, 8
1603, 6
1604, 10
1605, 8
1606, 12
1607, 8
1608, 3
1609, 8
1610, 5
1611, 12
1612, 9
1613, 3
1614, 12
1615, 8
1616, 9
1617, 9
1618, 7
1619, 10
1620, 9
1621, 6
1622, 5
1623, 7
1624, 10
1625, 11
1626, 11
1627, 6
1628, 4
1629, 5
1630, 10
1631, 7
1632, 5
1633, 6
1634, 3
1635, 8
1636, 4
1637, 0
1638, 9
1639, 6
1640, 9
1641, 5
1642, 7
1643, 7
1644, 12
1645, 9
1646, 6
1647, 3
1648, 4
1649, 4
1650, 5
1651, 8
1652, 6
1653, 2
1654, 7
1655, 8
1656, 5
1657, 4
1658, 7
1659, 4
1660, 5
1661, 3
1662, 7
1663, 1
1664, 8
1665, 7
1666, 8
1667, 7
1668, 1
1669, 4
1670, 5
1671, 8
1672, 6
1673, 3
1674, 7
1675, 5
1676, 8
1677, 11
1678, 7
1679, 8
1680, 5
1681, 8
1682, 12
1683, 6
1684, 4
1685, 5
1686, 10
1687, 4
1688, 4
1689, 2
1690, 3
1691, 2
1692, 9
1693, 4
1694, 2
1695, 4
1696, 5
1697, 5
1698, 3
1699, 4
1700, 2
1701, 8
1702, 8
1703, 5
1704, 5
1705, 7
1706, 5
1707, 7
1708, 3
1709, 8
1710, 3
1711, 1
1712, 5
1713, 6
1714, 6
1715, 3
1716, 7
1717, 6
1718, 5
1719, 3
1720, 10
1721, 4
1722, 4
1723, 4
1724, 7
1725, 2
1726, 4
1727, 3
1728, 5
1729, 5
1730, 3
1731, 4
1732, 3
1733, 2
1734, 4
1735, 3
1736, 6
1737, 6
1738, 5
1739, 2
1740, 4
1741, 2
1742, 2
1743, 5
1744, 3
1745, 4
1746, 8
1747, 4
1748, 5
1749, 10
1750, 2
1751, 1
1752, 2
1753, 4
1754, 2
1755, 6
1756, 2
1757, 6
1758, 6
1759, 5
1760, 5
1761, 8
1762, 4
1763, 4
1764, 6
1765, 7
1766, 3
1767, 1
1768, 2
1769, 4
1770, 3
1771, 7
1772, 3
1773, 3
1774, 3
1775, 5
1776, 3
1777, 3
1778, 4
1779, 5
1780, 4
1781, 3
1782, 3
1783, 6
1784, 5
1785, 5
1786, 5
1787, 7
1788, 1
1789, 3
1790, 1
1791, 6
1792, 1
1793, 6
1794, 3
1795, 6
1796, 3
1797, 3
1798, 0
1799, 2
1800, 2
1801, 3
1802, 4
1803, 3
1804, 2
1805, 3
1806, 4
1807, 3
1808, 4
1809, 3
1810, 1
1811, 3
1812, 2
1813, 2
1814, 6
1815, 2
1816, 3
1817, 1
1818, 5
1819, 3
1820, 4
1821, 3
1822, 2
1823, 2
1824, 1
1825, 3
1826, 6
1827, 6
1828, 3
1829, 3
1830, 1
1831, 6
1832, 2
1833, 3
1834, 1
1835, 2
1836, 1
1837, 5
1838, 0
1839, 3
1840, 1
1841, 4
1842, 2
1843, 4
1844, 3
1845, 3
1846, 3
1847, 1
1848, 2
1849, 2
1850, 0
1851, 2
1852, 3
1853, 5
1854, 4
1855, 2
1856, 1
1857, 4
1858, 4
1859, 2
1860, 3
1861, 3
1862, 3
1863, 2
1864, 4
1865, 1
1866, 2
1867, 0
1868, 2
1869, 1
1870, 1
1871, 0
1872, 2
1873, 0
1874, 2
1875, 2
1876, 2
1877, 1
1878, 2
1879, 2
1880, 1
1881, 2
1882, 4
1883, 1
1884, 0
1885, 2
1886, 2
1887, 0
1888, 2
1889, 2
1890, 3
1891, 0
1892, 3
1893, 0
1894, 2
1895, 2
1896, 0
1897, 0
1898, 2
1899, 3
1900, 2
1901, 3
1902, 2
1903, 2
1904, 1
1905, 1
1906, 2
1907, 3
1908, 3
1909, 4
1910, 2
1911, 1
1912, 2
1913, 1
1914, 3
1915, 0
1916, 0
1917, 0
1918, 1
1919, 1
1920, 3
1921, 1
1922, 3
1923, 0
1924, 1
1925, 1
1926, 1
1927, 1
1928, 1
1929, 2
1930, 1
1931, 0
1932, 0
1933, 0
1934, 1
1935, 0
1936, 1
1937, 2
1938, 0
1939, 4
1940, 2
1941, 1
1942, 1
1943, 1
1944, 0
1945, 1
1946, 1
1947, 1
1948, 2
1949, 0
1950, 1
1951, 2
1952, 0
1953, 0
1954, 1
1955, 1
1956, 0
1957, 1
1958, 0
1959, 0
1960, 0
1961, 0
1962, 1
1963, 0
1964, 1
1965, 2
1966, 1
1967, 2
1968, 0
1969, 1
1970, 2
1971, 0
1972, 1
1973, 0
1974, 0
1975, 0
1976, 0
1977, 0
1978, 0
1979, 0
1980, 0
1981, 0
1982, 0
1983, 0
1984, 0
1985, 0
1986, 1
1987, 0
1988, 0
1989, 1
1990, 0
1991, 0
1992, 0
1993, 0
1994, 0
1995, 0
1996, 2
1997, 1
1998, 1
1999, 0
2000, 0
2001, 0
2002, 0
2003, 1
2004, 0
2005, 0
2006, 0
2007, 1
2008, 0
2009, 0
2010, 0
2011, 0
2012, 0
2013, 0
2014, 0
2015, 0
2016, 0
2017, 0
2018, 0
2019, 0
2020, 0
2021, 0
2022, 0
2023, 0
2024, 0
2025, 0
2026, 0
2027, 0
2028, 0
2029, 1
2030, 0
2031, 0
2032, 0
2033, 0
2034, 0
2035, 1
2036, 1
2037, 0
2038, 0
2039, 0
2040, 0
2041, 0
2042, 0
2043, 0
2044, 0
2045, 0
2046, 0
2047, 0
2048, 0
2049, 0
2050, 0
2051, 0
2052, 1
2053, 0
2054, 0
2055, 0
2056, 0
2057, 0
2058, 0
2059, 0
2060, 0
2061, 0
2062, 0
2063, 0
2064, 0
2065, 0
2066, 0
2067, 0
2068, 0
2069, 0
2070, 0
2071, 0
2072, 0
2073, 0
2074, 0
2075, 0
2076, 0
2077, 0
2078, 0
2079, 0
2080, 0
2081, 0
2082, 0
2083, 0
2084, 0
2085, 0
2086, 0
2087, 0
2088, 0
2089, 0
2090, 0
2091, 0
2092, 0
2093, 1
2094, 0
2095, 0
2096, 0
2097, 0
2098, 0
2099, 0
2100, 0
2101, 0
2102, 0
2103, 1
2104, 0
2105, 0
2106, 0
2107, 0
2108, 0
2109, 0
2110, 0
2111, 0
2112, 0
2113, 0
2114, 0
2115, 0
2116, 0
2117, 0
2118, 0
2119, 0
2120, 0
2121, 0
2122, 0
2123, 0
2124, 0
2125, 0
2126, 0
2127, 0
2128, 0
2129, 0
2130, 0
2131, 0
2132, 0
2133, 0
2134, 0
2135, 0
2136, 0
2137, 0
2138, 0
2139, 0
2140, 0
2141, 0
2142, 0
2143, 0
2144, 0
2145, 0
2146, 0
2147, 0
2148, 0
2149, 0
2150, 0
2151, 0
2152, 0
2153, 0
2154, 0
2155, 0
2156, 0
2157, 0
2158, 0
2159, 0
2160, 0
2161, 0
2162, 0
2163, 0
2164, 0
2165, 0
2166, 0
2167, 0
2168, 0
2169, 0
2170, 0
2171, 0
2172, 0
2173, 0
2174, 0
2175, 0
2176, 0
2177, 0
2178, 0
2179, 0
2180, 0
2181, 0
2182, 0
2183, 1
2184, 0
2185, 0
2186, 0
2187, 0
2188, 0
2189, 0
2190, 0
2191, 0
2192, 0
2193, 0
2194, 0
2195, 0
2196, 0
2197, 1
2198, 0
2199, 0
2200, 0
2201, 0
2202, 0
2203, 0
2204, 0
2205, 0
2206, 1
2207, 0
2208, 0
2209, 0
2210, 0
2211, 0
2212, 0
2213, 0
2214, 0
2215, 0
2216, 0
2217, 0
2218, 0
2219, 0
2220, 0
2221, 0
2222, 0
2223, 0
2224, 0
2225, 0
2226, 0
2227, 0
2228, 0
2229, 0
2230, 0
2231, 0
2232, 0
2233, 0
2234, 0
2235, 0
2236, 0
2237, 0
2238, 0
2239, 0
2240, 0
2241, 0
2242, 0
2243, 0
2244, 0
2245, 0
2246, 0
2247, 0
2248, 0
2249, 0
2250, 0
2251, 0
2252, 0
2253, 0
2254, 0
2255, 0
2256, 0
2257, 0
2258, 0
2259, 0
2260, 1
2261, 0
2262, 0
2263, 0
2264, 0
2265, 0
2266, 0
2267, 0
2268, 0
2269, 0
2270, 0
2271, 0
2272, 0
2273, 0
2274, 0
2275, 0
2276, 0
2277, 0
2278, 0
2279, 0
2280, 0
2281, 0
2282, 0
2283, 0
2284, 0
2285, 0
2286, 0
2287, 0
2288, 0
2289, 0
2290, 0
2291, 0
2292, 0
2293, 0
2294, 0
2295, 0
2296, 0
2297, 0
2298, 0
2299, 0
2300, 0
2301, 0
2302, 0
2303, 0
2304, 0
2305, 0
2306, 0
2307, 0
2308, 0
2309, 0
2310, 0
2311, 0
2312, 0
2313, 0
2314, 0
2315, 0
2316, 0
2317, 0
2318, 0
2319, 0
2320, 0
2321, 0
2322, 0
2323, 0
2324, 0
2325, 0
2326, 0
2327, 0
2328, 0
2329, 0
2330, 0
2331, 0
2332, 0
2333, 0
2334, 0
2335, 0
2336, 0
2337, 0
2338, 0
2339, 0
2340, 0
2341, 0
2342, 0
2343, 0
2344, 0
2345, 0
2346, 0
2347, 0
2348, 0
2349, 0
2350, 0
2351, 0
2352, 0
2353, 0
2354, 0
2355, 0
2356, 0
2357, 0
2358, 0
2359, 0
2360, 0
2361, 0
2362, 0
2363, 0
2364, 0
2365, 0
2366, 0
2367, 0
2368, 0
2369, 0
2370, 0
2371, 0
2372, 0
2373, 0
2374, 0
2375, 0
2376, 0
2377, 0
2378, 0
2379, 0
2380, 0
2381, 0
2382, 0
2383, 0
2384, 0
2385, 0
2386, 0
2387, 0
2388, 0
2389, 0
2390, 0
2391, 0
2392, 0
2393, 0
2394, 0
2395, 0
2396, 0
2397, 0
2398, 0
2399, 0
2400, 0
2401, 0
2402, 0
2403, 0
2404, 0
2405, 0
2406, 0
2407, 0
2408, 0
2409, 0
2410, 0
2411, 0
2412, 0
2413, 0
2414, 0
2415, 0
2416, 0
2417, 0
2418, 0
2419, 0
2420, 0
2421, 0
2422, 0
2423, 0
2424, 0
2425, 0
2426, 0
2427, 0
2428, 0
2429, 0
2430, 0
2431, 0
2432, 0
2433, 0
2434, 0
2435, 0
2436, 0
2437, 0
2438, 0
2439, 0
2440, 0
2441, 0
2442, 0
2443, 0
2444, 0
2445, 0
2446, 0
2447, 0
2448, 0
2449, 0
2450, 0
2451, 0
2452, 0
2453, 0
2454, 0
2455, 0
2456, 0
2457, 0
2458, 0
2459, 0
2460, 0
2461, 0
2462, 0
2463, 0
2464, 0
2465, 0
2466, 0
2467, 0
2468, 0
2469, 0
2470, 0
2471, 0
2472, 0
2473, 0
2474, 0
2475, 0
2476, 0
2477, 0
2478, 0
2479, 0
2480, 0
2481, 0
2482, 0
2483, 0
2484, 0
2485, 0
2486, 0
2487, 0
2488, 0
2489, 0
2490, 0
2491, 0
2492, 0
2493, 0
2494, 0
2495, 0
2496, 0
2497, 0
2498, 0
2499, 0
2500, 0
2501, 0
2502, 0
2503, 0
2504, 0
2505, 0
2506, 0
2507, 0
2508, 0
2509, 0
2510, 0
2511, 0
2512, 0
2513, 0
2514, 0
2515, 0
2516, 0
2517, 0
2518, 0
2519, 0
2520, 0
2521, 0
2522, 0
2523, 0
2524, 0
2525, 0
2526, 0
2527, 0
2528, 0
2529, 0
2530, 0
2531, 0
2532, 0
2533, 0
2534, 0
2535, 0
2536, 0
2537, 0
2538, 0
2539, 0
2540, 0
2541, 0
2542, 0
2543, 0
2544, 0
2545, 0
2546, 0
2547, 0
2548, 0
2549, 0
2550, 0
2551, 0
2552, 0
2553, 0
2554, 0
2555, 0
2556, 0
2557, 0
2558, 0
2559, 0
2560, 0
2561, 0
2562, 0
2563, 0
2564, 0
2565, 0
2566, 0
2567, 0
2568, 0
2569, 0
2570, 0
2571, 0
2572, 0
2573, 0
2574, 0
2575, 0
2576, 0
2577, 0
2578, 0
2579, 0
2580, 0
2581, 0
2582, 0
2583, 0
2584, 0
2585, 0
2586, 0
2587, 0
2588, 0
2589, 0
2590, 0
2591, 0
2592, 0
2593, 0
2594, 0
2595, 0
2596, 0
2597, 0
2598, 0
2599, 0
2600, 0
2601, 0
2602, 0
2603, 0
2604, 0
2605, 0
2606, 0
2607, 0
2608, 0
2609, 0
2610, 0
2611, 0
2612, 0
2613, 0
2614, 0
2615, 0
2616, 0
2617, 0
2618, 0
2619, 0
2620, 0
2621, 0
2622, 0
2623, 0
2624, 0
2625, 0
2626, 0
2627, 0
2628, 0
2629, 0
2630, 0
2631, 0
2632, 0
2633, 0
2634, 0
2635, 0
2636, 0
2637, 0
2638, 0
2639, 0
2640, 0
2641, 0
2642, 0
2643, 0
2644, 0
2645, 0
2646, 0
2647, 0
2648, 0
2649, 0
2650, 0
2651, 0
2652, 0
2653, 0
2654, 0
2655, 0
2656, 0
2657, 0
2658, 0
2659, 0
2660, 0
2661, 0
2662, 0
2663, 0
2664, 0
2665, 0
2666, 0
2667, 0
2668, 0
2669, 0
2670, 0
2671, 0
2672, 0
2673, 0
2674, 0
2675, 0
2676, 0
2677, 0
2678, 0
2679, 0
2680, 0
2681, 0
2682, 0
2683, 0
2684, 0
2685, 0
2686, 0
2687, 0
2688, 0
2689, 0
2690, 0
2691, 0
2692, 0
2693, 0
2694, 0
2695, 0
2696, 0
2697, 0
2698, 0
2699, 0
2700, 0
2701, 0
2702, 0
2703, 0
2704, 0
2705, 0
2706, 0
2707, 0
2708, 0
2709, 0
2710, 0
2711, 0
2712, 0
2713, 0
2714, 0
2715, 0
2716, 0
2717, 0
2718, 0
2719, 0
2720, 0
2721, 0
2722, 0
2723, 0
2724, 0
2725, 0
2726, 0
2727, 0
2728, 0
2729, 0
2730, 0
2731, 0
2732, 0
2733, 0
2734, 0
2735, 0
2736, 0
2737, 0
2738, 0
2739, 0
2740, 0
2741, 0
2742, 0
2743, 0
2744, 0
2745, 0
2746, 0
2747, 0
2748, 0
2749, 0
2750, 0
2751, 0
2752, 0
2753, 0
2754, 0
2755, 0
2756, 0
2757, 0
2758, 0
2759, 0
2760, 0
2761, 0
2762, 0
2763, 0
2764, 0
2765, 0
2766, 0
2767, 0
2768, 0
2769, 0
2770, 0
2771, 0
2772, 0
2773, 0
2774, 0
2775, 0
2776, 0
2777, 0
2778, 0
2779, 0
2780, 0
2781, 0
2782, 0
2783, 0
2784, 0
2785, 0
2786, 0
2787, 0
2788, 0
2789, 0
2790, 0
2791, 0
2792, 0
2793, 0
2794, 0
2795, 0
2796, 0
2797, 0
2798, 0
2799, 0
2800, 0
2801, 0
2802, 0
2803, 0
2804, 0
2805, 0
2806, 0
2807, 0
2808, 0
2809, 0
2810, 0
2811, 0
2812, 0
2813, 0
2814, 0
2815, 0
2816, 0
2817, 0
2818, 0
2819, 0
2820, 0
2821, 0
2822, 0
2823, 0
2824, 0
2825, 0
2826, 0
2827, 0
2828, 0
2829, 0
2830, 0
2831, 0
2832, 0
2833, 0
2834, 0
2835, 0
2836, 0
2837, 0
2838, 0
2839, 0
2840, 0
2841, 0
2842, 0
2843, 0
2844, 0
2845, 0
2846, 0
2847, 0
2848, 0
2849, 0
2850, 0
2851, 0
2852, 0
2853, 0
2854, 0
2855, 0
2856, 0
2857, 0
2858, 0
2859, 0
2860, 0
2861, 0
2862, 0
2863, 0
2864, 0
2865, 0
2866, 0
2867, 0
2868, 0
2869, 0
2870, 0
2871, 0
2872, 0
2873, 0
2874, 0
2875, 0
2876, 0
2877, 0
2878, 0
2879, 0
2880, 0
2881, 0
2882, 0
2883, 0
2884, 0
2885, 0
2886, 0
2887, 0
2888, 0
2889, 0
2890, 0
2891, 0
2892, 0
2893, 0
2894, 0
2895, 0
2896, 0
2897, 0
2898, 0
2899, 0
2900, 0
2901, 0
2902, 0
2903, 0
2904, 0
2905, 0
2906, 0
2907, 0
2908, 0
2909, 0
2910, 0
2911, 0
2912, 0
2913, 0
2914, 0
2915, 0
2916, 0
2917, 0
2918, 0
2919, 0
2920, 0
2921, 0
2922, 0
2923, 0
2924, 0
2925, 0
2926, 0
2927, 0
2928, 0
2929, 0
2930, 0
2931, 0
2932, 0
2933, 0
2934, 0
2935, 0
2936, 0
2937, 0
2938, 0
2939, 0
2940, 0
2941, 0
2942, 0
2943, 0
2944, 0
2945, 0
2946, 0
2947, 0
2948, 0
2949, 0
2950, 0
2951, 0
2952, 0
2953, 0
2954, 0
2955, 0
2956, 0
2957, 0
2958, 0
2959, 0
2960, 0
2961, 0
2962, 0
2963, 0
2964, 0
2965, 0
2966, 0
2967, 0
2968, 0
2969, 0
2970, 0
2971, 0
2972, 0
2973, 0
2974, 0
2975, 0
2976, 0
2977, 0
2978, 0
2979, 0
2980, 0
2981, 0
2982, 0
2983, 0
2984, 0
2985, 0
2986, 0
2987, 0
2988, 0
2989, 0
2990, 0
2991, 0
2992, 0
2993, 0
2994, 0
2995, 0
2996, 0
2997, 0
2998, 0
2999, 0
3000, 0
3001, 0
3002, 0
3003, 0
3004, 0
3005, 0
3006, 0
3007, 0
3008, 0
3009, 0
3010, 0
3011, 0
3012, 0
3013, 0
3014, 0
3015, 0
3016, 0
3017, 0
3018, 0
3019, 0
3020, 0
3021, 0
3022, 0
3023, 0
3024, 0
3025, 0
3026, 0
3027, 0
3028, 0
3029, 0
3030, 0
3031, 0
3032, 0
3033, 0
3034, 0
3035, 0
3036, 0
3037, 0
3038, 0
3039, 0
3040, 0
3041, 0
3042, 0
3043, 0
3044, 0
3045, 0
3046, 0
3047, 0
3048, 0
3049, 0
3050, 0
3051, 0
3052, 0
3053, 0
3054, 0
3055, 0
3056, 0
3057, 0
3058, 0
3059, 0
3060, 0
3061, 0
3062, 0
3063, 0
3064, 0
3065, 0
3066, 0
3067, 0
3068, 0
3069, 0
3070, 0
3071, 0
3072, 0
3073, 0
3074, 0
3075, 0
3076, 0
3077, 0
3078, 0
3079, 0
3080, 0
3081, 0
3082, 0
3083, 0
3084, 0
3085, 0
3086, 0
3087, 0
3088, 0
3089, 0
3090, 0
3091, 0
3092, 0
3093, 0
3094, 0
3095, 0
3096, 0
3097, 0
3098, 0
3099, 0
3100, 0
3101, 0
3102, 0
3103, 0
3104, 0
3105, 0
3106, 0
3107, 0
3108, 0
3109, 0
3110, 0
3111, 0
3112, 0
3113, 0
3114, 0
3115, 0
3116, 0
3117, 0
3118, 0
3119, 0
3120, 0
3121, 0
3122, 0
3123, 0
3124, 0
3125, 0
3126, 0
3127, 0
3128, 0
3129, 0
3130, 0
3131, 0
3132, 0
3133, 0
3134, 0
3135, 0
3136, 0
3137, 0
3138, 0
3139, 0
3140, 0
3141, 0
3142, 0
3143, 0
3144, 0
3145, 0
3146, 0
3147, 0
3148, 0
3149, 0
3150, 0
3151, 0
3152, 0
3153, 0
3154, 0
3155, 0
3156, 0
3157, 0
3158, 0
3159, 0
3160, 0
3161, 0
3162, 0
3163, 0
3164, 0
3165, 0
3166, 0
3167, 0
3168, 0
3169, 0
3170, 0
3171, 0
3172, 0
3173, 0
3174, 0
3175, 0
3176, 0
3177, 0
3178, 0
3179, 0
3180, 0
3181, 0
3182, 0
3183, 0
3184, 0
3185, 0
3186, 0
3187, 0
3188, 0
3189, 0
3190, 0
3191, 0
3192, 0
3193, 0
3194, 0
3195, 0
3196, 0
3197, 0
3198, 0
3199, 0
3200, 0
3201, 0
3202, 0
3203, 0
3204, 0
3205, 0
3206, 0
3207, 0
3208, 0
3209, 0
3210, 0
3211, 0
3212, 0
3213, 0
3214, 0
3215, 0
3216, 0
3217, 0
3218, 0
3219, 0
3220, 0
3221, 0
3222, 0
3223, 0
3224, 0
3225, 0
3226, 0
3227, 0
3228, 0
3229, 0
3230, 0
3231, 0
3232, 0
3233, 0
3234, 0
3235, 0
3236, 0
3237, 0
3238, 0
3239, 0
3240, 0
3241, 0
3242, 0
3243, 0
3244, 0
3245, 0
3246, 0
3247, 0
3248, 0
3249, 0
3250, 0
3251, 0
3252, 0
3253, 0
3254, 0
3255, 0
3256, 0
3257, 0
3258, 0
3259, 0
3260, 0
3261, 0
3262, 0
3263, 0
3264, 0
3265, 0
3266, 0
3267, 0
3268, 0
3269, 0
3270, 0
3271, 0
3272, 0
3273, 0
3274, 0
3275, 0
3276, 0
3277, 0
3278, 0
3279, 0
3280, 0
3281, 0
3282, 0
3283, 0
3284, 0
3285, 0
3286, 0
3287, 0
3288, 0
3289, 0
3290, 0
3291, 0
3292, 0
3293, 0
3294, 0
3295, 0
3296, 0
3297, 0
3298, 0
3299, 0
3300, 0
3301, 0
3302, 0
3303, 0
3304, 0
3305, 0
3306, 0
3307, 0
3308, 0
3309, 0
3310, 0
3311, 0
3312, 0
3313, 0
3314, 0
3315, 0
3316, 0
3317, 0
3318, 0
3319, 0
3320, 0
3321, 0
3322, 0
3323, 0
3324, 0
3325, 0
3326, 0
3327, 0
3328, 0
3329, 0
3330, 0
3331, 0
3332, 0
3333, 0
3334, 0
3335, 0
3336, 0
3337, 0
3338, 0
3339, 0
3340, 0
3341, 0
3342, 0
3343, 0
3344, 0
3345, 0
3346, 0
3347, 0
3348, 0
3349, 0
3350, 0
3351, 0
3352, 0
3353, 0
3354, 0
3355, 0
3356, 0
3357, 0
3358, 0
3359, 0
3360, 0
3361, 0
3362, 0
3363, 0
3364, 0
3365, 0
3366, 0
3367, 0
3368, 0
3369, 0
3370, 0
3371, 0
3372, 0
3373, 0
3374, 0
3375, 0
3376, 0
3377, 0
3378, 0
3379, 0
3380, 0
3381, 0
3382, 0
3383, 0
3384, 0
3385, 0
3386, 0
3387, 0
3388, 0
3389, 0
3390, 0
3391, 0
3392, 0
3393, 0
3394, 0
3395, 0
3396, 0
3397, 0
3398, 0
3399, 0
3400, 0
3401, 0
3402, 0
3403, 0
3404, 0
3405, 0
3406, 0
3407, 0
3408, 0
3409, 0
3410, 0
3411, 0
3412, 0
3413, 0
3414, 0
3415, 0
3416, 0
3417, 0
3418, 0
3419, 0
3420, 0
3421, 0
3422, 0
3423, 0
3424, 0
3425, 0
3426, 0
3427, 0
3428, 0
3429, 0
3430, 0
3431, 0
3432, 0
3433, 0
3434, 0
3435, 0
3436, 0
3437, 0
3438, 0
3439, 0
3440, 0
3441, 0
3442, 0
3443, 0
3444, 0
3445, 0
3446, 0
3447, 0
3448, 0
3449, 0
3450, 0
3451, 0
3452, 0
3453, 0
3454, 0
3455, 0
3456, 0
3457, 0
3458, 0
3459, 0
3460, 0
3461, 0
3462, 0
3463, 0
3464, 0
3465, 0
3466, 0
3467, 0
3468, 0
3469, 0
3470, 0
3471, 0
3472, 0
3473, 0
3474, 0
3475, 0
3476, 0
3477, 0
3478, 0
3479, 0
3480, 0
3481, 0
3482, 0
3483, 0
3484, 0
3485, 0
3486, 0
3487, 0
3488, 0
3489, 0
3490, 0
3491, 0
3492, 0
3493, 0
3494, 0
3495, 0
3496, 0
3497, 0
3498, 0
3499, 0
3500, 0
3501, 0
3502, 0
3503, 0
3504, 0
3505, 0
3506, 0
3507, 0
3508, 0
3509, 0
3510, 0
3511, 0
3512, 0
3513, 0
3514, 0
3515, 0
3516, 0
3517, 0
3518, 0
3519, 0
3520, 0
3521, 0
3522, 0
3523, 0
3524, 0
3525, 0
3526, 0
3527, 0
3528, 0
3529, 0
3530, 0
3531, 0
3532, 0
3533, 0
3534, 0
3535, 0
3536, 0
3537, 0
3538, 0
3539, 0
3540, 0
3541, 0
3542, 0
3543, 0
3544, 0
3545, 0
3546, 0
3547, 0
3548, 0
3549, 0
3550, 0
3551, 0
3552, 0
3553, 0
3554, 0
3555, 0
3556, 0
3557, 0
3558, 0
3559, 0
3560, 0
3561, 0
3562, 0
3563, 0
3564, 0
3565, 0
3566, 0
3567, 0
3568, 0
3569, 0
3570, 0
3571, 0
3572, 0
3573, 0
3574, 0
3575, 0
3576, 0
3577, 0
3578, 0
3579, 0
3580, 0
3581, 0
3582, 0
3583, 0
3584, 0
3585, 0
3586, 0
3587, 0
3588, 0
3589, 0
3590, 0
3591, 0
3592, 0
3593, 0
3594, 0
3595, 0
3596, 0
3597, 0
3598, 0
3599, 0
3600, 0
3601, 0
3602, 0
3603, 0
3604, 0
3605, 0
3606, 0
3607, 0
3608, 0
3609, 0
3610, 0
3611, 0
3612, 0
3613, 0
3614, 0
3615, 0
3616, 0
3617, 0
3618, 0
3619, 0
3620, 0
3621, 0
3622, 0
3623, 0
3624, 0
3625, 0
3626, 0
3627, 0
3628, 0
3629, 0
3630, 0
3631, 0
3632, 0
3633, 0
3634, 0
3635, 0
3636, 0
3637, 0
3638, 0
3639, 0
3640, 0
3641, 0
3642, 0
3643, 0
3644, 0
3645, 0
3646, 0
3647, 0
3648, 0
3649, 0
3650, 0
3651, 0
3652, 0
3653, 0
3654, 0
3655, 0
3656, 0
3657, 0
3658, 0
3659, 0
3660, 0
3661, 0
3662, 0
3663, 0
3664, 0
3665, 0
3666, 0
3667, 0
3668, 0
3669, 0
3670, 0
3671, 0
3672, 0
3673, 0
3674, 0
3675, 0
3676, 0
3677, 0
3678, 0
3679, 0
3680, 0
3681, 0
3682, 0
3683, 0
3684, 0
3685, 0
3686, 0
3687, 0
3688, 0
3689, 0
3690, 0
3691, 0
3692, 0
3693, 0
3694, 0
3695, 0
3696, 0
3697, 0
3698, 0
3699, 0
3700, 0
3701, 0
3702, 0
3703, 0
3704, 0
3705, 0
3706, 0
3707, 0
3708, 0
3709, 0
3710, 0
3711, 0
3712, 0
3713, 0
3714, 0
3715, 0
3716, 0
3717, 0
3718, 0
3719, 0
3720, 0
3721, 0
3722, 0
3723, 0
3724, 0
3725, 0
3726, 0
3727, 0
3728, 0
3729, 0
3730, 0
3731, 0
3732, 0
3733, 0
3734, 0
3735, 0
3736, 0
3737, 0
3738, 0
3739, 0
3740, 0
3741, 0
3742, 0
3743, 0
3744, 0
3745, 0
3746, 0
3747, 0
3748, 0
3749, 0
3750, 0
3751, 0
3752, 0
3753, 0
3754, 0
3755, 0
3756, 0
3757, 0
3758, 0
3759, 0
3760, 0
3761, 0
3762, 0
3763, 0
3764, 0
3765, 0
3766, 0
3767, 0
3768, 0
3769, 0
3770, 0
3771, 0
3772, 0
3773, 0
3774, 0
3775, 0
3776, 0
3777, 0
3778, 0
3779, 0
3780, 0
3781, 0
3782, 0
3783, 0
3784, 0
3785, 0
3786, 0
3787, 0
3788, 0
3789, 0
3790, 0
3791, 0
3792, 0
3793, 0
3794, 0
3795, 0
3796, 0
3797, 0
3798, 0
3799, 0
3800, 0
3801, 0
3802, 0
3803, 0
3804, 0
3805, 0
3806, 0
3807, 0
3808, 0
3809, 0
3810, 0
3811, 0
3812, 0
3813, 0
3814, 0
3815, 0
3816, 0
3817, 0
3818, 0
3819, 0
3820, 0
3821, 0
3822, 0
3823, 0
3824, 0
3825, 0
3826, 0
3827, 0
3828, 0
3829, 0
3830, 0
3831, 0
3832, 0
3833, 0
3834, 0
3835, 0
3836, 0
3837, 0
3838, 0
3839, 0
3840, 0
3841, 0
3842, 0
3843, 0
3844, 0
3845, 0
3846, 0
3847, 0
3848, 0
3849, 0
3850, 0
3851, 0
3852, 0
3853, 0
3854, 0
3855, 0
3856, 0
3857, 0
3858, 0
3859, 0
3860, 0
3861, 0
3862, 0
3863, 0
3864, 0
3865, 0
3866, 0
3867, 0
3868, 0
3869, 0
3870, 0
3871, 0
3872, 0
3873, 0
3874, 0
3875, 0
3876, 0
3877, 0
3878, 0
3879, 0
3880, 0
3881, 0
3882, 0
3883, 0
3884, 0
3885, 0
3886, 0
3887, 0
3888, 0
3889, 0
3890, 0
3891, 0
3892, 0
3893, 0
3894, 0
3895, 0
3896, 0
3897, 0
3898, 0
3899, 0
3900, 0
3901, 0
3902, 0
3903, 0
3904, 0
3905, 0
3906, 0
3907, 0
3908, 0
3909, 0
3910, 0
3911, 0
3912, 0
3913, 0
3914, 0
3915, 0
3916, 0
3917, 0
3918, 0
3919, 0
3920, 0
3921, 0
3922, 0
3923, 0
3924, 0
3925, 0
3926, 0
3927, 0
3928, 0
3929, 0
3930, 0
3931, 0
3932, 0
3933, 0
3934, 0
3935, 0
3936, 0
3937, 0
3938, 0
3939, 0
3940, 0
3941, 0
3942, 0
3943, 0
3944, 0
3945, 0
3946, 0
3947, 0
3948, 0
3949, 0
3950, 0
3951, 0
3952, 0
3953, 0
3954, 0
3955, 0
3956, 0
3957, 0
3958, 0
3959, 0
3960, 0
3961, 0
3962, 0
3963, 0
3964, 0
3965, 0
3966, 0
3967, 0
3968, 0
3969, 0
3970, 0
3971, 0
3972, 0
3973, 0
3974, 0
3975, 0
3976, 0
3977, 0
3978, 0
3979, 0
3980, 0
3981, 0
3982, 0
3983, 0
3984, 0
3985, 0
3986, 0
3987, 0
3988, 0
3989, 0
3990, 0
3991, 0
3992, 0
3993, 0
3994, 0
3995, 0
3996, 0
3997, 0
3998, 0
3999, 0
4000, 0
4001, 0
4002, 0
4003, 0
4004, 0
4005, 0
4006, 0
4007, 0
4008, 0
4009, 0
4010, 0
4011, 0
4012, 0
4013, 0
4014, 0
4015, 0
4016, 0
4017, 0
4018, 0
4019, 0
4020, 0
